-- MySQL Script generated by MySQL Workbench
-- Thu Oct 22 10:49:36 2020
-- Model: New Model    Version: 1.0
-- MySQL Workbench Forward Engineering

SET @OLD_UNIQUE_CHECKS=@@UNIQUE_CHECKS, UNIQUE_CHECKS=0;
SET @OLD_FOREIGN_KEY_CHECKS=@@FOREIGN_KEY_CHECKS, FOREIGN_KEY_CHECKS=0;
SET @OLD_SQL_MODE=@@SQL_MODE, SQL_MODE='ONLY_FULL_GROUP_BY,STRICT_TRANS_TABLES,NO_ZERO_IN_DATE,NO_ZERO_DATE,ERROR_FOR_DIVISION_BY_ZERO,NO_ENGINE_SUBSTITUTION';

-- -----------------------------------------------------
-- Schema hamburgueria
-- -----------------------------------------------------
DROP SCHEMA IF EXISTS `hamburgueria` ;

-- -----------------------------------------------------
-- Schema hamburgueria
-- -----------------------------------------------------
CREATE SCHEMA IF NOT EXISTS `hamburgueria` DEFAULT CHARACTER SET utf8 ;
USE `hamburgueria` ;

-- -----------------------------------------------------
-- Table `hamburgueria`.`tipo_ingrediente`
-- -----------------------------------------------------
DROP TABLE IF EXISTS `hamburgueria`.`tipo_ingrediente` ;

CREATE TABLE IF NOT EXISTS `hamburgueria`.`tipo_ingrediente` (
  `id` INT NOT NULL,
  `descricao` VARCHAR(20) NOT NULL,
  PRIMARY KEY (`id`))
ENGINE = InnoDB;


-- -----------------------------------------------------
-- Table `hamburgueria`.`ingrediente`
-- -----------------------------------------------------
DROP TABLE IF EXISTS `hamburgueria`.`ingrediente` ;

CREATE TABLE IF NOT EXISTS `hamburgueria`.`ingrediente` (
  `id` VARCHAR(36) NOT NULL,
  `nome` VARCHAR(50) NOT NULL,
  `tipo_ingrediente_id` INT NOT NULL,
  PRIMARY KEY (`id`),
  INDEX `fk_ingrediente_tipo_ingrediente1_idx` (`tipo_ingrediente_id` ASC) /*VISIBLE*/,
  CONSTRAINT `fk_ingrediente_tipo_ingrediente1`
    FOREIGN KEY (`tipo_ingrediente_id`)
    REFERENCES `hamburgueria`.`tipo_ingrediente` (`id`)
    ON DELETE NO ACTION
    ON UPDATE NO ACTION)
ENGINE = InnoDB;


-- -----------------------------------------------------
-- Table `hamburgueria`.`burguer`
-- -----------------------------------------------------
DROP TABLE IF EXISTS `hamburgueria`.`burguer` ;

CREATE TABLE IF NOT EXISTS `hamburgueria`.`burguer` (
  `id` VARCHAR(36) NOT NULL,
  `nome` VARCHAR(50) NOT NULL,
  `preco` DECIMAL(6,2) NOT NULL,
  PRIMARY KEY (`id`))
ENGINE = InnoDB;


-- -----------------------------------------------------
-- Table `hamburgueria`.`unidade`
-- -----------------------------------------------------
DROP TABLE IF EXISTS `hamburgueria`.`unidade` ;

CREATE TABLE IF NOT EXISTS `hamburgueria`.`unidade` (
  `id` VARCHAR(5) NOT NULL,
  `descricao` VARCHAR(50) NULL,
  PRIMARY KEY (`id`))
ENGINE = InnoDB;


-- -----------------------------------------------------
-- Table `hamburgueria`.`burguer_ingrediente`
-- -----------------------------------------------------
DROP TABLE IF EXISTS `hamburgueria`.`burguer_ingrediente` ;

CREATE TABLE IF NOT EXISTS `hamburgueria`.`burguer_ingrediente` (
  `burguer_id` VARCHAR(36) NOT NULL,
  `ingrediente_id` VARCHAR(36) NOT NULL,
  `quantidade` INT NOT NULL,
  `unidade_id` VARCHAR(5) NOT NULL,
  PRIMARY KEY (`burguer_id`, `ingrediente_id`),
  INDEX `fk_burguer_ingrediente_ingrediente1_idx` (`ingrediente_id` ASC) /*VISIBLE*/,
  INDEX `fk_burguer_ingrediente_unidade1_idx` (`unidade_id` ASC) /*VISIBLE*/,
  CONSTRAINT `fk_burguer_ingrediente_burguer`
    FOREIGN KEY (`burguer_id`)
    REFERENCES `hamburgueria`.`burguer` (`id`)
    ON DELETE NO ACTION
    ON UPDATE NO ACTION,
  CONSTRAINT `fk_burguer_ingrediente_ingrediente1`
    FOREIGN KEY (`ingrediente_id`)
    REFERENCES `hamburgueria`.`ingrediente` (`id`)
    ON DELETE NO ACTION
    ON UPDATE NO ACTION,
  CONSTRAINT `fk_burguer_ingrediente_unidade1`
    FOREIGN KEY (`unidade_id`)
    REFERENCES `hamburgueria`.`unidade` (`id`)
    ON DELETE NO ACTION
    ON UPDATE NO ACTION)
ENGINE = InnoDB;


SET SQL_MODE=@OLD_SQL_MODE;
SET FOREIGN_KEY_CHECKS=@OLD_FOREIGN_KEY_CHECKS;
SET UNIQUE_CHECKS=@OLD_UNIQUE_CHECKS;

-- -----------------------------------------------------
-- Data for table `hamburgueria`.`tipo_ingrediente`
-- -----------------------------------------------------
START TRANSACTION;
USE `hamburgueria`;
INSERT INTO `hamburgueria`.`tipo_ingrediente` (`id`, `descricao`) VALUES (1, 'Pão');
INSERT INTO `hamburgueria`.`tipo_ingrediente` (`id`, `descricao`) VALUES (2, 'Carne');
INSERT INTO `hamburgueria`.`tipo_ingrediente` (`id`, `descricao`) VALUES (3, 'Extra');

COMMIT;


-- -----------------------------------------------------
-- Data for table `hamburgueria`.`ingrediente`
-- -----------------------------------------------------
START TRANSACTION;
USE `hamburgueria`;
INSERT INTO `hamburgueria`.`ingrediente` (`id`, `nome`, `tipo_ingrediente_id`) VALUES ('435ede7f-49d3-4871-9c79-d7bc23778ee8', 'Pão com Gergelim', 1);
INSERT INTO `hamburgueria`.`ingrediente` (`id`, `nome`, `tipo_ingrediente_id`) VALUES ('4d7d5fe5-57db-4f33-b2df-5b34636c38d0', 'Pão Integral', 1);
INSERT INTO `hamburgueria`.`ingrediente` (`id`, `nome`, `tipo_ingrediente_id`) VALUES ('54ca3137-75b7-4ef0-99d7-bc2ba9a27c39', 'Pão Australiano', 1);
INSERT INTO `hamburgueria`.`ingrediente` (`id`, `nome`, `tipo_ingrediente_id`) VALUES ('25934ed1-923e-43b2-91b7-031a840242ab', 'Pão Comum', 1);
INSERT INTO `hamburgueria`.`ingrediente` (`id`, `nome`, `tipo_ingrediente_id`) VALUES ('2a09b23d-2556-4aa1-8f7a-be01e07f437f', 'Burguer de Fraldinha', 2);
INSERT INTO `hamburgueria`.`ingrediente` (`id`, `nome`, `tipo_ingrediente_id`) VALUES ('5e41d697-dd7d-4842-aa4d-33c48ce071ed', 'Burguer de Picanha', 2);
INSERT INTO `hamburgueria`.`ingrediente` (`id`, `nome`, `tipo_ingrediente_id`) VALUES ('c533fe1d-5177-45af-b165-892d30ef7ea4', 'Burguer Mix da Casa', 2);
INSERT INTO `hamburgueria`.`ingrediente` (`id`, `nome`, `tipo_ingrediente_id`) VALUES ('9f653344-910e-42ee-9cc0-9dd50e819073', 'Queijo Muçarela', 3);
INSERT INTO `hamburgueria`.`ingrediente` (`id`, `nome`, `tipo_ingrediente_id`) VALUES ('11b50436-7158-43ef-9ec9-2717c3c85d9e', 'Cheddar', 3);
INSERT INTO `hamburgueria`.`ingrediente` (`id`, `nome`, `tipo_ingrediente_id`) VALUES ('362bba49-25c8-479e-895d-a3d18c45e73a', 'Jalapeño', 3);
INSERT INTO `hamburgueria`.`ingrediente` (`id`, `nome`, `tipo_ingrediente_id`) VALUES ('5ac69413-bdca-480e-83cd-ce9094c74f78', 'Bacon', 3);
INSERT INTO `hamburgueria`.`ingrediente` (`id`, `nome`, `tipo_ingrediente_id`) VALUES ('d745ef2e-33fe-4dc7-8a82-5d5c6d87f7a3', 'Mostarda', 3);
INSERT INTO `hamburgueria`.`ingrediente` (`id`, `nome`, `tipo_ingrediente_id`) VALUES ('36aef2ec-6a85-4206-a96f-80f66a045560', 'Alface', 3);

COMMIT;


-- -----------------------------------------------------
-- Data for table `hamburgueria`.`burguer`
-- -----------------------------------------------------
START TRANSACTION;
USE `hamburgueria`;
INSERT INTO `hamburgueria`.`burguer` (`id`, `nome`, `preco`) VALUES ('d0834a22-9f8f-43a9-877e-91e8b39955f2', 'String', 9.99);
INSERT INTO `hamburgueria`.`burguer` (`id`, `nome`, `preco`) VALUES ('febcbe49-3de8-4e4d-928f-9c65d1c0ff44', 'Seletor CSS', 12.99);
INSERT INTO `hamburgueria`.`burguer` (`id`, `nome`, `preco`) VALUES ('90ebe4bc-63ea-4e06-8621-4860e2a8173e', 'Arrow function', 12.99);
INSERT INTO `hamburgueria`.`burguer` (`id`, `nome`, `preco`) VALUES ('565b1038-cefc-4a54-880d-a2dc02dc7c17', 'git push', 25);

COMMIT;


-- -----------------------------------------------------
-- Data for table `hamburgueria`.`unidade`
-- -----------------------------------------------------
START TRANSACTION;
USE `hamburgueria`;
INSERT INTO `hamburgueria`.`unidade` (`id`, `descricao`) VALUES ('g', 'grama(s)');
INSERT INTO `hamburgueria`.`unidade` (`id`, `descricao`) VALUES ('unid', 'unidade(s)');
INSERT INTO `hamburgueria`.`unidade` (`id`, `descricao`) VALUES ('pc', 'porção(ões)');

COMMIT;


-- -----------------------------------------------------
-- Data for table `hamburgueria`.`burguer_ingrediente`
-- -----------------------------------------------------
START TRANSACTION;
USE `hamburgueria`;
INSERT INTO `hamburgueria`.`burguer_ingrediente` (`burguer_id`, `ingrediente_id`, `quantidade`, `unidade_id`) VALUES ('d0834a22-9f8f-43a9-877e-91e8b39955f2', '25934ed1-923e-43b2-91b7-031a840242ab', 1, 'unid');
INSERT INTO `hamburgueria`.`burguer_ingrediente` (`burguer_id`, `ingrediente_id`, `quantidade`, `unidade_id`) VALUES ('d0834a22-9f8f-43a9-877e-91e8b39955f2', '2a09b23d-2556-4aa1-8f7a-be01e07f437f', 130, 'g');
INSERT INTO `hamburgueria`.`burguer_ingrediente` (`burguer_id`, `ingrediente_id`, `quantidade`, `unidade_id`) VALUES ('d0834a22-9f8f-43a9-877e-91e8b39955f2', '9f653344-910e-42ee-9cc0-9dd50e819073', 1, 'pc');
INSERT INTO `hamburgueria`.`burguer_ingrediente` (`burguer_id`, `ingrediente_id`, `quantidade`, `unidade_id`) VALUES ('febcbe49-3de8-4e4d-928f-9c65d1c0ff44', '435ede7f-49d3-4871-9c79-d7bc23778ee8', 1, 'unid');
INSERT INTO `hamburgueria`.`burguer_ingrediente` (`burguer_id`, `ingrediente_id`, `quantidade`, `unidade_id`) VALUES ('febcbe49-3de8-4e4d-928f-9c65d1c0ff44', 'c533fe1d-5177-45af-b165-892d30ef7ea4', 150, 'g');
INSERT INTO `hamburgueria`.`burguer_ingrediente` (`burguer_id`, `ingrediente_id`, `quantidade`, `unidade_id`) VALUES ('febcbe49-3de8-4e4d-928f-9c65d1c0ff44', 'd745ef2e-33fe-4dc7-8a82-5d5c6d87f7a3', 1, 'pc');
INSERT INTO `hamburgueria`.`burguer_ingrediente` (`burguer_id`, `ingrediente_id`, `quantidade`, `unidade_id`) VALUES ('febcbe49-3de8-4e4d-928f-9c65d1c0ff44', '36aef2ec-6a85-4206-a96f-80f66a045560', 1, 'pc');
INSERT INTO `hamburgueria`.`burguer_ingrediente` (`burguer_id`, `ingrediente_id`, `quantidade`, `unidade_id`) VALUES ('90ebe4bc-63ea-4e06-8621-4860e2a8173e', '4d7d5fe5-57db-4f33-b2df-5b34636c38d0', 1, 'unid');
INSERT INTO `hamburgueria`.`burguer_ingrediente` (`burguer_id`, `ingrediente_id`, `quantidade`, `unidade_id`) VALUES ('90ebe4bc-63ea-4e06-8621-4860e2a8173e', 'c533fe1d-5177-45af-b165-892d30ef7ea4', 150, 'g');
INSERT INTO `hamburgueria`.`burguer_ingrediente` (`burguer_id`, `ingrediente_id`, `quantidade`, `unidade_id`) VALUES ('90ebe4bc-63ea-4e06-8621-4860e2a8173e', '11b50436-7158-43ef-9ec9-2717c3c85d9e', 1, 'pc');
INSERT INTO `hamburgueria`.`burguer_ingrediente` (`burguer_id`, `ingrediente_id`, `quantidade`, `unidade_id`) VALUES ('90ebe4bc-63ea-4e06-8621-4860e2a8173e', '5ac69413-bdca-480e-83cd-ce9094c74f78', 1, 'pc');
INSERT INTO `hamburgueria`.`burguer_ingrediente` (`burguer_id`, `ingrediente_id`, `quantidade`, `unidade_id`) VALUES ('565b1038-cefc-4a54-880d-a2dc02dc7c17', '54ca3137-75b7-4ef0-99d7-bc2ba9a27c39', 1, 'unid');
INSERT INTO `hamburgueria`.`burguer_ingrediente` (`burguer_id`, `ingrediente_id`, `quantidade`, `unidade_id`) VALUES ('565b1038-cefc-4a54-880d-a2dc02dc7c17', '5e41d697-dd7d-4842-aa4d-33c48ce071ed', 200, 'g');
INSERT INTO `hamburgueria`.`burguer_ingrediente` (`burguer_id`, `ingrediente_id`, `quantidade`, `unidade_id`) VALUES ('565b1038-cefc-4a54-880d-a2dc02dc7c17', '11b50436-7158-43ef-9ec9-2717c3c85d9e', 1, 'pc');
INSERT INTO `hamburgueria`.`burguer_ingrediente` (`burguer_id`, `ingrediente_id`, `quantidade`, `unidade_id`) VALUES ('565b1038-cefc-4a54-880d-a2dc02dc7c17', '362bba49-25c8-479e-895d-a3d18c45e73a', 1, 'pc');
INSERT INTO `hamburgueria`.`burguer_ingrediente` (`burguer_id`, `ingrediente_id`, `quantidade`, `unidade_id`) VALUES ('565b1038-cefc-4a54-880d-a2dc02dc7c17', '5ac69413-bdca-480e-83cd-ce9094c74f78', 1, 'pc');
INSERT INTO `hamburgueria`.`burguer_ingrediente` (`burguer_id`, `ingrediente_id`, `quantidade`, `unidade_id`) VALUES ('565b1038-cefc-4a54-880d-a2dc02dc7c17', 'd745ef2e-33fe-4dc7-8a82-5d5c6d87f7a3', 1, 'pc');

COMMIT;

